order_id,customer,product,quantity,unit_price,order_date
1,John Smith,Widget A,5,10.99,2023-01-15
2,Emily Johnson,Widget B,2,14.99,2023-02-10
3,Michael Davis,Widget C,3,19.99,2023-03-05
4,Anna Wilson,Widget A,4,10.99,2023-04-20
5,David Lee,Widget D,1,24.99,2023-05-12
6,John Smith,Widget B,2,14.99,2023-06-25
7,Emily Johnson,Widget A,3,10.99,2023-07-18
8,Michael Davis,Widget C,2,19.99,2023-08-02
9,Anna Wilson,Widget B,5,14.99,2023-09-14
10,David Lee,Widget D,1,24.99,2023-10-09
11,John Smith,Widget A,6,10.99,2023-11-23
12,Emily Johnson,Widget B,2,14.99,2023-12-30
13,Michael Davis,Widget C,4,19.99,2024-01-05
14,Anna Wilson,Widget A,3,10.99,2024-02-11
15,David Lee,Widget D,2,24.99,2024-03-19
16,John Smith,Widget B,1,14.99,2024-04-24
17,Emily Johnson,Widget A,4,10.99,2024-05-30
18,Michael Davis,Widget C,5,19.99,2024-06-06
19,Anna Wilson,Widget B,2,14.99,2024-07-11
20,David Lee,Widget D,3,24.99,2024-08-17
21,John Smith,Widget A,2,10.99,2024-09-23
22,Emily Johnson,Widget B,1,14.99,2024-10-29
23,Michael Davis,Widget C,3,19.99,2024-11-03
24,Anna Wilson,Widget A,4,10.99,2024-12-09
25,David Lee,Widget D,2,24.99,2025-01-15
26,John Smith,Widget B,3,14.99,2025-02-21
27,Emily Johnson,Widget A,2,10.99,2025-03-27
28,Michael Davis,Widget C,1,19.99,2025-04-02
29,Anna Wilson,Widget B,4,14.99,2025-05-08
30,David Lee,Widget D,1,24.99,2025-06-14
31,John Smith,Widget A,5,10.99,2025-07-20
32,Emily Johnson,Widget B,2,14.99,2025-08-26
33,Michael Davis,Widget C,3,19.99,2025-09-01
34,Anna Wilson,Widget A,2,10.99,2025-10-07
35,David Lee,Widget D,4,24.99,2025-11-13
36,John Smith,Widget B,1,14.99,2025-12-19
37,Emily Johnson,Widget A,3,10.99,2026-01-25
38,Michael Davis,Widget C,5,19.99,2026-02-01
39,Anna Wilson,Widget B,2,14.99,2026-03-09
40,David Lee,Widget D,1,24.99,2026-04-15
41,John Smith,Widget A,4,10.99,2026-05-21
42,Emily Johnson,Widget B,2,14.99,2026-06-27
43,Michael Davis,Widget C,3,19.99,2026-07-03
44,Anna Wilson,Widget A,1,10.99,2026-08-09
45,David Lee,Widget D,5,24.99,2026-09-15
46,John Smith,Widget B,2,14.99,2026-10-21
47,Emily Johnson,Widget A,3,10.99,2026-11-27
48,Michael Davis,Widget C,4,19.99,2026-12-03
49,Anna Wilson,Widget B,1,14.99,2027-01-09
50,David Lee,Widget D,2,24.99,2027-02-15
51,John Smith,Widget A,3,10.99,2027-03-21
52,Emily Johnson,Widget B,5,14.99,2027-04-27
53,Michael Davis,Widget C,2,19.99,2027-05-03
54,Anna Wilson,Widget A,1,10.99,2027-06-09
55,David Lee,Widget D,3,24.99,2027-07-15
56,John Smith,Widget B,4,14.99,2027-08-21
57,Emily Johnson,Widget A,2,10.99,2027-09-27
58,Michael Davis,Widget C,1,19.99,2027-10-03
59,Anna Wilson,Widget B,3,14.99,2027-11-09
60,David Lee,Widget D,2,24.99,2027-12-15
61,John Smith,Widget A,4,10.99,2028-01-21
62,Emily Johnson,Widget B,1,14.99,2028-02-27
63,Michael Davis,Widget C,2,19.99,2028-03-04
64,Anna Wilson,Widget A,3,10.99,2028-04-10
65,David Lee,Widget D,5,24.99,2028-05-16
66,John Smith,Widget B,2,14.99,2028-06-22
67,Emily Johnson,Widget A,1,10.99,2028-07-28
68,Michael Davis,Widget C,4,19.99,2028-08-03
69,Anna Wilson,Widget B,3,14.99,2028-09-09
70,David Lee,Widget D,2,24.99,2028-10-15
71,John Smith,Widget A,5,10.99,2028-11-21
72,Emily Johnson,Widget B,2,14.99,2028-12-27
73,Michael Davis,Widget C,3,19.99,2029-01-02
74,Anna Wilson,Widget A,1,10.99,2029-02-08
75,David Lee,Widget D,4,24.99,2029-03-16
76,John Smith,Widget B,3,14.99,2029-04-22
77,Emily Johnson,Widget A,2,10.99,2029-05-28
78,Michael Davis,Widget C,1,19.99,2029-06-03
79,Anna Wilson,Widget B,5,14.99,2029-07-09
80,David Lee,Widget D,2,24.99,2029-08-15
81,John Smith,Widget A,3,10.99,2029-09-21
82,Emily Johnson,Widget B,2,14.99,2029-10-27
83,Michael Davis,Widget C,4,19.99,2029-11-02
84,Anna Wilson,Widget A,1,10.99,2029-12-08
85,David Lee,Widget D,5,24.99,2030-01-14
86,John Smith,Widget B,2,14.99,2030-02-20
87,Emily Johnson,Widget A,3,10.99,2030-03-26
88,Michael Davis,Widget C,2,19.99,2030-04-01
89,Anna Wilson,Widget B,1,14.99,2030-05-07
90,David Lee,Widget D,4,24.99,2030-06-13
91,John Smith,Widget A,5,10.99,2030-07-19
92,Emily Johnson,Widget B,2,14.99,2030-08-25
93,Michael Davis,Widget C,3,19.99,2030-09-01
94,Anna Wilson,Widget A,1,10.99,2030-10-07
95,David Lee,Widget D,2,24.99,2030-11-13
96,John Smith,Widget B,4,14.99,2030-12-19
97,Emily Johnson,Widget A,2,10.99,2031-01-25
98,Michael Davis,Widget C,3,19.99,2031-02-01
99,Anna Wilson,Widget B,1,14.99,2031-03-07
100,David Lee,Widget D,5,24.99,2031-04-13
